timestamp,open,high,low,close,volume
2018-07-22 00:00:00+00:00,1.1608,1.17456,1.15748,1.17408,149516
2018-07-29 00:00:00+00:00,1.17408,1.17514,1.16204,1.16591,271037
2018-08-05 00:00:00+00:00,1.16586,1.17462,1.15596,1.15614,222410
2018-08-12 00:00:00+00:00,1.15614,1.1628,1.13709,1.13954,234312
2018-08-19 00:00:00+00:00,1.13954,1.1445,1.1301,1.14375,293458
2018-08-26 00:00:00+00:00,1.14378,1.1654,1.13946,1.16454,249672
2018-09-02 00:00:00+00:00,1.16454,1.17337,1.15844,1.15982,255718
2018-09-09 00:00:00+00:00,1.15976,1.16594,1.15302,1.15608,250415
2018-09-16 00:00:00+00:00,1.15604,1.17218,1.1526,1.16238,211061
2018-09-23 00:00:00+00:00,1.16239,1.1803,1.16178,1.17488,230595
2018-09-30 00:00:00+00:00,1.17485,1.18151,1.15698,1.16051,251878
2018-10-07 00:00:00+00:00,1.16052,1.16253,1.14636,1.15237,264908
2018-10-14 00:00:00+00:00,1.15237,1.16106,1.14322,1.15508,287922
2018-10-21 00:00:00+00:00,1.15508,1.16216,1.14332,1.15106,264432
2018-10-28 00:00:00+00:00,1.15109,1.15503,1.13357,1.13984,291616
2018-11-04 00:00:00+00:00,1.13984,1.14562,1.1302,1.1398,284636
2018-11-11 00:00:00+00:00,1.1398,1.15004,1.13142,1.1324,292496
2018-11-18 00:00:00+00:00,1.13246,1.14213,1.12155,1.14138,363207
2018-11-25 00:00:00+00:00,1.14136,1.14722,1.13276,1.13374,228313
2018-12-02 00:00:00+00:00,1.13374,1.14018,1.12674,1.13426,259454
2018-12-09 00:00:00+00:00,1.1342,1.14239,1.1311,1.13994,286884
2018-12-16 00:00:00+00:00,1.13994,1.14428,1.12701,1.13046,296771
2018-12-23 00:00:00+00:00,1.13046,1.14856,1.13024,1.13724,168543
2018-12-30 00:00:00+00:00,1.13721,1.14728,1.13432,1.1439,134659
2019-01-06 00:00:00+00:00,1.14392,1.1497,1.13091,1.14102,157620
2019-01-13 00:00:00+00:00,1.14104,1.15702,1.14047,1.14599,153323
2019-01-20 00:00:00+00:00,1.146,1.14898,1.13532,1.13651,137163
2019-01-27 00:00:00+00:00,1.13651,1.14176,1.12894,1.14128,128634
2019-02-03 00:00:00+00:00,1.14128,1.15144,1.13904,1.14546,119934
2019-02-10 00:00:00+00:00,1.14548,1.14603,1.1315,1.13241,70844
2019-02-17 00:00:00+00:00,1.13239,1.13415,1.12343,1.12951,79217
2019-02-24 00:00:00+00:00,1.12948,1.13712,1.12756,1.13424,82698
2019-03-03 00:00:00+00:00,1.13421,1.14197,1.13368,1.1375,85505
2019-03-10 00:00:00+00:00,1.13748,1.1375,1.11764,1.12319,88060
2019-03-17 00:00:00+00:00,1.12316,1.13444,1.12218,1.13194,77256
2019-03-24 00:00:00+00:00,1.13196,1.14482,1.12736,1.12958,86114
2019-03-31 00:00:00+00:00,1.12955,1.13314,1.121,1.12232,92792
2019-04-07 00:00:00+00:00,1.1223,1.12546,1.11839,1.12184,67065
2019-04-14 00:00:00+00:00,1.12186,1.13239,1.1215,1.13031,58537
2019-04-21 00:00:00+00:00,1.13028,1.13237,1.12263,1.12443,56160
2019-04-28 00:00:00+00:00,1.12441,1.1262,1.11115,1.11492,67222
2019-05-05 00:00:00+00:00,1.11495,1.12649,1.11354,1.11848,79665
2019-05-12 00:00:00+00:00,1.1185,1.12536,1.11666,1.1236,85899
2019-05-19 00:00:00+00:00,1.12357,1.12636,1.11553,1.11647,68681
2019-05-26 00:00:00+00:00,1.1165,1.12121,1.11072,1.1207,59868
2019-06-02 00:00:00+00:00,1.12068,1.12152,1.11162,1.11738,57902
2019-06-09 00:00:00+00:00,1.11736,1.13478,1.11603,1.13192,112499
2019-06-16 00:00:00+00:00,1.1319,1.13434,1.12025,1.12158,74209
2019-06-23 00:00:00+00:00,1.1216,1.13852,1.11816,1.13852,105177
2019-06-30 00:00:00+00:00,1.13848,1.14122,1.13442,1.13601,90258
2019-07-07 00:00:00+00:00,1.13599,1.13638,1.12076,1.12268,69097
2019-07-14 00:00:00+00:00,1.1227,1.12858,1.11935,1.12714,64157
2019-07-21 00:00:00+00:00,1.12716,1.12839,1.11998,1.12176,64211
2019-07-28 00:00:00+00:00,1.12178,1.12254,1.11014,1.11296,68737
2019-08-04 00:00:00+00:00,1.11293,1.1162,1.1027,1.11078,109656
2019-08-11 00:00:00+00:00,1.1108,1.12496,1.11066,1.12076,116482
2019-08-18 00:00:00+00:00,1.12073,1.12308,1.10665,1.1092,98316
2019-08-25 00:00:00+00:00,1.10922,1.11641,1.10518,1.11436,73122
2019-09-01 00:00:00+00:00,1.11434,1.1153,1.09632,1.09906,84536
2019-09-08 00:00:00+00:00,1.09904,1.10848,1.09262,1.10203,76132
2019-09-15 00:00:00+00:00,1.102,1.11096,1.09268,1.10832,96349
2019-09-22 00:00:00+00:00,1.10834,1.10844,1.09903,1.10188,86912
2019-09-29 00:00:00+00:00,1.1019,1.10255,1.09048,1.09424,80498
2019-10-06 00:00:00+00:00,1.09422,1.09994,1.08792,1.09834,90683
2019-10-13 00:00:00+00:00,1.09832,1.10628,1.0941,1.10281,87923
2019-10-20 00:00:00+00:00,1.10279,1.11724,1.09914,1.11708,90065
2019-10-27 00:00:00+00:00,1.11708,1.11794,1.1073,1.10839,59418
2019-11-03 00:00:00+00:00,1.10842,1.11756,1.10737,1.11663,69372
2019-11-10 00:00:00+00:00,1.1166,1.11756,1.10168,1.1022,65555
2019-11-17 00:00:00+00:00,1.10218,1.10569,1.09891,1.10541,47525
2019-11-24 00:00:00+00:00,1.10538,1.1097,1.10146,1.10227,47278
2019-12-01 00:00:00+00:00,1.10224,1.10322,1.09812,1.10184,41316
2019-12-08 00:00:00+00:00,1.10182,1.11163,1.10031,1.10584,53628
2019-12-15 00:00:00+00:00,1.10581,1.11996,1.10534,1.11244,71204
2019-12-22 00:00:00+00:00,1.11242,1.11746,1.10664,1.10804,51573
2019-12-29 00:00:00+00:00,1.10802,1.11883,1.10691,1.11813,31170
2020-01-05 00:00:00+00:00,1.11811,1.12392,1.11249,1.11605,52063
2020-01-12 00:00:00+00:00,1.11602,1.12056,1.10851,1.11163,65155
2020-01-19 00:00:00+00:00,1.11161,1.11726,1.10864,1.10946,200791
2020-01-26 00:00:00+00:00,1.10948,1.1118,1.10198,1.10246,209421
2020-02-02 00:00:00+00:00,1.10248,1.10956,1.09924,1.10891,216914
2020-02-09 00:00:00+00:00,1.1089,1.1089,1.0942,1.09493,250000
2020-02-16 00:00:00+00:00,1.09491,1.09576,1.08273,1.08413,214906
2020-02-23 00:00:00+00:00,1.08414,1.08636,1.0778,1.08386,247784
2020-03-01 00:00:00+00:00,1.08387,1.1074,1.08051,1.10518,542632
2020-03-08 00:00:00+00:00,1.1052,1.13964,1.10364,1.13878,767764
2020-03-15 00:00:00+00:00,1.13876,1.14963,1.1055,1.11572,1152656
2020-03-22 00:00:00+00:00,1.11568,1.12367,1.0636,1.06893,1292965
2020-03-29 00:00:00+00:00,1.0689,1.11476,1.06584,1.11368,928193
2020-04-05 00:00:00+00:00,1.1137,1.11386,1.07728,1.08055,684658
2020-04-12 00:00:00+00:00,1.08058,1.0953,1.07684,1.09316,436621
2020-04-19 00:00:00+00:00,1.09314,1.09911,1.0812,1.08639,439183
2020-04-26 00:00:00+00:00,1.08638,1.08968,1.07272,1.08208,427927
2020-05-03 00:00:00+00:00,1.08209,1.10192,1.08096,1.0961,424429
2020-05-10 00:00:00+00:00,1.09608,1.09608,1.07667,1.08378,383870
2020-05-17 00:00:00+00:00,1.08377,1.08965,1.0775,1.08186,410627
2020-05-24 00:00:00+00:00,1.08184,1.10085,1.07998,1.09081,372448
2020-05-31 00:00:00+00:00,1.09082,1.11454,1.08706,1.11158,457139
2020-06-07 00:00:00+00:00,1.1116,1.13839,1.11004,1.1316,607496
2020-06-14 00:00:00+00:00,1.13158,1.14224,1.12126,1.12518,662411
2020-06-21 00:00:00+00:00,1.12519,1.13534,1.11684,1.11766,621433
2020-06-28 00:00:00+00:00,1.11768,1.13487,1.1174,1.1222,519209
2020-07-05 00:00:00+00:00,1.12222,1.13026,1.11848,1.12468,423394
2020-07-12 00:00:00+00:00,1.1247,1.13707,1.12468,1.13086,450887
2020-07-19 00:00:00+00:00,1.13088,1.1452,1.13009,1.14422,469863
2020-07-26 00:00:00+00:00,1.14424,1.16581,1.14024,1.16498,576456
2020-08-02 00:00:00+00:00,1.165,1.19088,1.16498,1.17814,652958
2020-08-09 00:00:00+00:00,1.17812,1.1917,1.1696,1.17812,592946
2020-08-16 00:00:00+00:00,1.17814,1.18642,1.17112,1.1852,538196
2020-08-23 00:00:00+00:00,1.18518,1.19658,1.17542,1.17984,570502
2020-08-30 00:00:00+00:00,1.17982,1.19203,1.17625,1.19172,599056
2020-09-06 00:00:00+00:00,1.1917,1.20114,1.17808,1.18344,657977
2020-09-13 00:00:00+00:00,1.18346,1.19172,1.17528,1.18408,554640
2020-09-20 00:00:00+00:00,1.18406,1.19006,1.17372,1.18457,508494
2020-09-27 00:00:00+00:00,1.18455,1.18719,1.16124,1.16344,591315
2020-10-04 00:00:00+00:00,1.16345,1.17698,1.16154,1.17197,546739
2020-10-11 00:00:00+00:00,1.17199,1.18314,1.17178,1.18158,427766
2020-10-18 00:00:00+00:00,1.18157,1.18269,1.16886,1.17156,385705
2020-10-25 00:00:00+00:00,1.17154,1.18808,1.17033,1.18481,404392
2020-11-01 00:00:00+00:00,1.18479,1.18507,1.16386,1.16416,450700
2020-11-08 00:00:00+00:00,1.16415,1.18952,1.16027,1.18926,617743
2020-11-15 00:00:00+00:00,1.18928,1.19202,1.17456,1.18448,561491
2020-11-22 00:00:00+00:00,1.18447,1.18938,1.18143,1.18656,395303
2020-11-29 00:00:00+00:00,1.18658,1.1974,1.18002,1.1972,367744
2020-12-06 00:00:00+00:00,1.19722,1.21775,1.19232,1.21202,488122
2020-12-13 00:00:00+00:00,1.21202,1.21664,1.20588,1.21332,481284
2020-12-20 00:00:00+00:00,1.21333,1.22728,1.21157,1.22119,409519
2020-12-27 00:00:00+00:00,1.22118,1.22571,1.21294,1.2204,358984
2021-01-03 00:00:00+00:00,1.22042,1.23102,1.21812,1.225,306439
2021-01-10 00:00:00+00:00,1.22498,1.23496,1.21825,1.21872,606688
2021-01-17 00:00:00+00:00,1.2187,1.22229,1.20661,1.20664,492093
2021-01-24 00:00:00+00:00,1.20662,1.21896,1.20536,1.21672,412425
2021-01-31 00:00:00+00:00,1.21673,1.21834,1.20585,1.2123,603347
2021-02-07 00:00:00+00:00,1.21228,1.21365,1.19524,1.20486,472628
2021-02-14 00:00:00+00:00,1.20489,1.21496,1.20198,1.21204,384238
2021-02-21 00:00:00+00:00,1.21206,1.21696,1.20233,1.21247,390703
2021-02-28 00:00:00+00:00,1.21249,1.22431,1.20622,1.20906,693400
2021-03-07 00:00:00+00:00,1.20907,1.21134,1.18934,1.19262,640179
2021-03-14 00:00:00+00:00,1.19261,1.199,1.18356,1.19502,593876
2021-03-21 00:00:00+00:00,1.19502,1.1989,1.18676,1.18838,464639
2021-03-28 00:00:00+00:00,1.1884,1.1947,1.17618,1.17876,398271
2021-04-04 00:00:00+00:00,1.17874,1.17938,1.17042,1.17677,322035
2021-04-11 00:00:00+00:00,1.17676,1.19275,1.17376,1.1896,309588
2021-04-18 00:00:00+00:00,1.18961,1.1995,1.18712,1.19689,341257
2021-04-25 00:00:00+00:00,1.19688,1.21002,1.19426,1.20896,378994
2021-05-02 00:00:00+00:00,1.20898,1.215,1.20168,1.20274,374057
2021-05-09 00:00:00+00:00,1.20275,1.21789,1.1986,1.21708,367623
2021-05-16 00:00:00+00:00,1.21706,1.21818,1.20514,1.21498,519047
2021-05-23 00:00:00+00:00,1.21498,1.22454,1.21262,1.21807,460044
2021-05-30 00:00:00+00:00,1.21806,1.22664,1.21326,1.21895,462233
2021-06-06 00:00:00+00:00,1.21896,1.22545,1.2104,1.21667,403868
2021-06-13 00:00:00+00:00,1.21668,1.22181,1.20926,1.21096,374548
2021-06-20 00:00:00+00:00,1.21098,1.21474,1.18474,1.18706,525998
2021-06-27 00:00:00+00:00,1.18705,1.19754,1.18477,1.19416,480436
2021-07-04 00:00:00+00:00,1.19418,1.19447,1.18075,1.18558,447282
2021-07-11 00:00:00+00:00,1.1856,1.18954,1.17815,1.18725,467531
2021-07-18 00:00:00+00:00,1.18724,1.18802,1.17719,1.18125,405304
2021-07-25 00:00:00+00:00,1.18126,1.18306,1.17518,1.17732,436130
2021-08-01 00:00:00+00:00,1.1773,1.19088,1.17635,1.18662,420829
2021-08-08 00:00:00+00:00,1.1866,1.18998,1.17425,1.17478,348747
2021-08-15 00:00:00+00:00,1.17479,1.18049,1.1706,1.17942,322166
2021-08-22 00:00:00+00:00,1.1794,1.18008,1.1664,1.16969,395602
2021-08-29 00:00:00+00:00,1.1697,1.18025,1.16953,1.17983,331284
2021-09-05 00:00:00+00:00,1.17984,1.19092,1.17828,1.18855,331530
2021-09-12 00:00:00+00:00,1.18856,1.1886,1.1802,1.18116,320995
2021-09-19 00:00:00+00:00,1.18116,1.18459,1.17233,1.17296,363912
2021-09-26 00:00:00+00:00,1.17294,1.17556,1.16834,1.17226,401188
2021-10-03 00:00:00+00:00,1.17228,1.17252,1.15626,1.16066,445925
2021-10-10 00:00:00+00:00,1.16064,1.16402,1.15291,1.15654,414119
2021-10-17 00:00:00+00:00,1.15656,1.16244,1.15244,1.15966,357789
2021-10-24 00:00:00+00:00,1.15968,1.16695,1.15718,1.16393,377834
2021-10-31 00:00:00+00:00,1.16394,1.16923,1.15352,1.15563,430969
2021-11-07 00:00:00+00:00,1.15564,1.16166,1.15133,1.15682,401529
2021-11-14 00:00:00+00:00,1.1568,1.16089,1.1433,1.14412,376301
2021-11-21 00:00:00+00:00,1.14414,1.1464,1.12498,1.12819,422688
2021-11-28 00:00:00+00:00,1.12814,1.13343,1.11862,1.12926,464445
2021-12-05 00:00:00+00:00,1.12924,1.1383,1.1235,1.1304,458232
2021-12-12 00:00:00+00:00,1.13039,1.13548,1.12274,1.13109,320400
2021-12-19 00:00:00+00:00,1.13107,1.13604,1.12218,1.12431,331451
2021-12-26 00:00:00+00:00,1.1243,1.13436,1.12364,1.13232,241828
2022-01-02 00:00:00+00:00,1.1323,1.13864,1.12738,1.1373,200958
2022-01-09 00:00:00+00:00,1.13731,1.13757,1.12724,1.13536,311455
2022-01-16 00:00:00+00:00,1.13538,1.14827,1.1285,1.14113,325746
2022-01-23 00:00:00+00:00,1.14114,1.14344,1.1301,1.13412,309905
2022-01-30 00:00:00+00:00,1.13413,1.13413,1.11214,1.1152,389261
2022-02-06 00:00:00+00:00,1.11521,1.14839,1.11442,1.14546,392688
2022-02-13 00:00:00+00:00,1.14548,1.1495,1.13298,1.13646,396066
2022-02-20 00:00:00+00:00,1.13645,1.1396,1.12801,1.13166,816283
2022-02-27 00:00:00+00:00,1.13166,1.13909,1.11064,1.11804,1046548
2022-03-06 00:00:00+00:00,1.11804,1.12468,1.08637,1.0874,1248982
2022-03-13 00:00:00+00:00,1.08739,1.11216,1.0806,1.09318,1484284
2022-03-20 00:00:00+00:00,1.09318,1.11376,1.09006,1.10426,1069565
2022-03-27 00:00:00+00:00,1.10426,1.10704,1.0961,1.09816,833620
2022-04-03 00:00:00+00:00,1.09817,1.11849,1.09446,1.10458,1101163
2022-04-10 00:00:00+00:00,1.10457,1.10545,1.08364,1.08844,823464
2022-04-17 00:00:00+00:00,1.08844,1.09334,1.07574,1.0814,815250
2022-04-24 00:00:00+00:00,1.08141,1.09364,1.07612,1.08096,795763
2022-05-01 00:00:00+00:00,1.08095,1.08122,1.04713,1.0535,1112750
2022-05-08 00:00:00+00:00,1.05349,1.0642,1.04828,1.05322,1059790
2022-05-15 00:00:00+00:00,1.0532,1.05926,1.03492,1.0398,978448
2022-05-22 00:00:00+00:00,1.03982,1.06072,1.03892,1.0569,828322
2022-05-29 00:00:00+00:00,1.0569,1.07652,1.05682,1.07296,745512
2022-06-05 00:00:00+00:00,1.07295,1.0787,1.06273,1.07253,622679
2022-06-12 00:00:00+00:00,1.07253,1.07742,1.04864,1.0491,772714
2022-06-19 00:00:00+00:00,1.0491,1.06014,1.03593,1.049,989368
2022-06-26 00:00:00+00:00,1.04902,1.06058,1.04688,1.05666,570022
2022-07-03 00:00:00+00:00,1.05668,1.06151,1.03655,1.04326,640018
2022-07-10 00:00:00+00:00,1.04326,1.04629,1.00716,1.01674,633084
2022-07-17 00:00:00+00:00,1.01674,1.01676,0.99522,1.00975,711929
2022-07-24 00:00:00+00:00,1.00976,1.02781,1.00812,1.01996,690163
2022-07-31 00:00:00+00:00,1.01996,1.02579,1.00968,1.02104,657667
2022-08-07 00:00:00+00:00,1.02104,1.0294,1.01228,1.01722,630242
2022-08-14 00:00:00+00:00,1.01722,1.03688,1.01592,1.02538,536066
2022-08-21 00:00:00+00:00,1.02538,1.02683,1.00302,1.00364,503963
2022-08-28 00:00:00+00:00,1.00363,1.00902,0.99006,0.99358,496755
2022-09-04 00:00:00+00:00,0.9936,1.00792,0.99032,0.9908,577031
2022-09-11 00:00:00+00:00,0.99078,1.01136,0.9864,1.00704,583114
2022-09-18 00:00:00+00:00,1.00704,1.01978,0.99452,1.00222,583878
2022-09-25 00:00:00+00:00,1.00222,1.00507,0.96656,0.96858,666886
2022-10-02 00:00:00+00:00,0.96853,0.98539,0.9536,0.97936,948723
2022-10-09 00:00:00+00:00,0.97934,0.99996,0.97262,0.97346,763506
2022-10-16 00:00:00+00:00,0.97346,0.98088,0.96315,0.97399,776274
2022-10-23 00:00:00+00:00,0.97397,0.98996,0.97049,0.986,764209
2022-10-30 00:00:00+00:00,0.98594,1.00938,0.9807,0.99545,713127
2022-11-06 00:00:00+00:00,0.99548,0.9976,0.97302,0.99286,632786
2022-11-13 00:00:00+00:00,0.99286,1.03642,0.99178,1.0327,736333
2022-11-20 00:00:00+00:00,1.03268,1.04815,1.02716,1.03308,818766
2022-11-27 00:00:00+00:00,1.03308,1.04485,1.02227,1.03672,537068
2022-12-04 00:00:00+00:00,1.03674,1.05452,1.02904,1.0544,781415
2022-12-11 00:00:00+00:00,1.05444,1.0595,1.04434,1.05208,649503
2022-12-18 00:00:00+00:00,1.05209,1.07362,1.0506,1.05844,728179
2022-12-25 00:00:00+00:00,1.05846,1.06595,1.05734,1.06162,618171
2023-01-01 00:00:00+00:00,1.06357,1.07133,1.06067,1.07057,398232
2023-01-08 00:00:00+00:00,1.07048,1.0709,1.04833,1.06628,629455
2023-01-15 00:00:00+00:00,1.0663,1.0868,1.06515,1.08228,667885
2023-01-22 00:00:00+00:00,1.0823,1.08876,1.07662,1.08644,632727
2023-01-29 00:00:00+00:00,1.08644,1.09296,1.08352,1.0872,538861
2023-02-05 00:00:00+00:00,1.08719,1.1033,1.07843,1.07894,650142
2023-02-12 00:00:00+00:00,1.07892,1.07991,1.06662,1.06773,593658
2023-02-19 00:00:00+00:00,1.06774,1.08047,1.06128,1.06842,623635
2023-02-26 00:00:00+00:00,1.06845,1.07048,1.05362,1.05534,552525
2023-03-05 00:00:00+00:00,1.05536,1.06915,1.05328,1.06258,581425
2023-03-12 00:00:00+00:00,1.06256,1.07041,1.05244,1.06812,631149
2023-03-19 00:00:00+00:00,1.06818,1.076,1.05161,1.06806,932799
2023-03-26 00:00:00+00:00,1.06808,1.09298,1.06313,1.07778,631687
2023-04-02 00:00:00+00:00,1.07776,1.09264,1.0745,1.08026,458352
2023-04-09 00:00:00+00:00,1.08027,1.09734,1.07882,1.09132,375371
2023-04-16 00:00:00+00:00,1.09134,1.1076,1.08314,1.09844,393929
2023-04-23 00:00:00+00:00,1.09846,1.09999,1.09092,1.09918,405215
2023-04-30 00:00:00+00:00,1.09914,1.10956,1.09626,1.10108,472601
2023-05-07 00:00:00+00:00,1.10109,1.1092,1.09422,1.10184,472860
2023-05-14 00:00:00+00:00,1.10185,1.10538,1.08457,1.0853,415225
2023-05-21 00:00:00+00:00,1.08532,1.09048,1.076,1.08221,398825
2023-05-28 00:00:00+00:00,1.08221,1.08313,1.07018,1.07217,439413
2023-06-04 00:00:00+00:00,1.07214,1.0779,1.06352,1.06968,394160
2023-06-11 00:00:00+00:00,1.06971,1.07872,1.0667,1.075,366312
2023-06-18 00:00:00+00:00,1.07502,1.09708,1.07331,1.09398,414028
2023-06-25 00:00:00+00:00,1.09398,1.1012,1.08444,1.09063,397034
2023-07-02 00:00:00+00:00,1.09064,1.09766,1.08354,1.09074,417906
2023-07-09 00:00:00+00:00,1.09076,1.09733,1.08336,1.0967,379266
2023-07-16 00:00:00+00:00,1.09671,1.12451,1.09436,1.12272,413988
2023-07-23 00:00:00+00:00,1.12274,1.12757,1.11078,1.11244,467299
2023-07-30 00:00:00+00:00,1.11245,1.11498,1.09436,1.10239,549046
2023-08-06 00:00:00+00:00,1.1024,1.10459,1.09122,1.10025,528723
2023-08-13 00:00:00+00:00,1.10024,1.10652,1.0929,1.09434,466194
2023-08-20 00:00:00+00:00,1.09434,1.09604,1.0845,1.08751,489681
2023-08-27 00:00:00+00:00,1.08747,1.09304,1.07658,1.07971,399729
2023-09-03 00:00:00+00:00,1.07972,1.09456,1.07716,1.07758,394686
2023-09-10 00:00:00+00:00,1.07756,1.0809,1.06861,1.07162,321610
2023-09-17 00:00:00+00:00,1.07164,1.07694,1.06319,1.0668,380256
2023-09-24 00:00:00+00:00,1.06682,1.07369,1.0615,1.06484,360019
2023-10-01 00:00:00+00:00,1.06483,1.06557,1.0488,1.05641,407156
2023-10-08 00:00:00+00:00,1.05642,1.06002,1.04485,1.05662,469303
2023-10-15 00:00:00+00:00,1.05665,1.06399,1.04954,1.0522,475581
2023-10-22 00:00:00+00:00,1.05223,1.06168,1.05156,1.05896,445554
2023-10-29 00:00:00+00:00,1.05896,1.06946,1.05218,1.0562,419972
2023-11-05 00:00:00+00:00,1.0562,1.07469,1.05166,1.07315,448322
2023-11-12 00:00:00+00:00,1.07316,1.07564,1.06562,1.06906,392861
2023-11-19 00:00:00+00:00,1.06904,1.09143,1.06651,1.09056,405638
2023-11-26 00:00:00+00:00,1.09054,1.09652,1.08524,1.09397,361847
2023-12-03 00:00:00+00:00,1.09397,1.10173,1.08289,1.08858,470804
2023-12-10 00:00:00+00:00,1.0886,1.08868,1.07237,1.07654,512321
2023-12-17 00:00:00+00:00,1.07654,1.10094,1.07416,1.0895,529725
2023-12-24 00:00:00+00:00,1.08948,1.10404,1.08938,1.10146,450161
2023-12-31 00:00:00+00:00,1.10086,1.11396,1.10079,1.10374,271013
2024-01-07 00:00:00+00:00,1.1044,1.10453,1.0877,1.09418,396768
2024-01-14 00:00:00+00:00,1.09414,1.09996,1.09102,1.09452,460510
2024-01-21 00:00:00+00:00,1.09452,1.09676,1.08446,1.08921,458494
2024-01-28 00:00:00+00:00,1.08919,1.09324,1.08129,1.08424,435945
2024-02-04 00:00:00+00:00,1.08425,1.08976,1.077,1.07798,489426
2024-02-11 00:00:00+00:00,1.078,1.07983,1.07227,1.07979,393931
2024-02-18 00:00:00+00:00,1.0798,1.08058,1.0695,1.07841,373086
2024-02-25 00:00:00+00:00,1.0784,1.08885,1.07616,1.08192,360996
2024-03-03 00:00:00+00:00,1.0819,1.0866,1.0796,1.08418,388880
2024-03-10 00:00:00+00:00,1.08421,1.09813,1.08379,1.09429,399358
2024-03-17 00:00:00+00:00,1.0943,1.0964,1.0873,1.08836,341267
2024-03-24 00:00:00+00:00,1.0884,1.09427,1.08018,1.08074,335241
2024-03-31 00:00:00+00:00,1.08074,1.08644,1.07682,1.07932,290244
2024-04-07 00:00:00+00:00,1.07932,1.08766,1.07245,1.08298,287453
2024-04-14 00:00:00+00:00,1.08298,1.08851,1.06228,1.06462,353097
2024-04-21 00:00:00+00:00,1.06462,1.06901,1.06011,1.06576,409172
2024-04-28 00:00:00+00:00,1.06577,1.0753,1.0624,1.07072,308636
2024-05-05 00:00:00+00:00,1.07075,1.08126,1.06494,1.07584,379061
2024-05-12 00:00:00+00:00,1.07583,1.07909,1.0724,1.07704,226568
2024-05-19 00:00:00+00:00,1.07702,1.08951,1.07658,1.08726,242229
2024-05-26 00:00:00+00:00,1.08726,1.08846,1.08048,1.08466,241355
2024-06-02 00:00:00+00:00,1.08467,1.08891,1.07882,1.08526,256910
2024-06-09 00:00:00+00:00,1.08524,1.0916,1.07652,1.07788,311118
2024-06-16 00:00:00+00:00,1.07788,1.08524,1.06676,1.07026,339366
2024-06-23 00:00:00+00:00,1.07024,1.07614,1.0671,1.06878,271655
2024-06-30 00:00:00+00:00,1.06881,1.07465,1.0666,1.0735,303938
2024-07-07 00:00:00+00:00,1.0735,1.08426,1.071,1.08256,289188
2024-07-14 00:00:00+00:00,1.08255,1.09114,1.08054,1.08857,364438
2024-07-21 00:00:00+00:00,1.08858,1.09482,1.08716,1.0899,433620
2024-07-28 00:00:00+00:00,1.08989,1.08997,1.08256,1.0853,434812
2024-08-04 00:00:00+00:00,1.08528,1.09267,1.07774,1.09106,544164
2024-08-11 00:00:00+00:00,1.09106,1.10089,1.08814,1.09128,733283
2024-08-18 00:00:00+00:00,1.09128,1.10474,1.09118,1.10248,403820
2024-08-25 00:00:00+00:00,1.10248,1.12009,1.10232,1.11895,464574
2024-09-01 00:00:00+00:00,1.11894,1.12017,1.1044,1.10447,470747
2024-09-08 00:00:00+00:00,1.10446,1.11556,1.10264,1.10866,500111
2024-09-15 00:00:00+00:00,1.10863,1.1102,1.1002,1.10874,442962
2024-09-22 00:00:00+00:00,1.10874,1.11892,1.10686,1.11591,521862
2024-09-29 00:00:00+00:00,1.1159,1.12142,1.10832,1.1169,506842
2024-10-06 00:00:00+00:00,1.1169,1.1209,1.09514,1.09704,603705
2024-10-13 00:00:00+00:00,1.09706,1.09973,1.09001,1.09232,661984
2024-10-20 00:00:00+00:00,1.09232,1.09367,1.08112,1.08684,544054
2024-10-27 00:00:00+00:00,1.08683,1.08691,1.07612,1.0796,568454
2024-11-03 00:00:00+00:00,1.0796,1.09058,1.0769,1.08728,698932
2024-11-10 00:00:00+00:00,1.08728,1.09374,1.06826,1.07134,997738
2024-11-17 00:00:00+00:00,1.07134,1.0728,1.04963,1.05364,802993
2024-11-24 00:00:00+00:00,1.05364,1.06098,1.03319,1.04794,797629
2024-12-01 00:00:00+00:00,1.04792,1.05973,1.0425,1.0544,881943
2024-12-08 00:00:00+00:00,1.05441,1.063,1.04606,1.05656,867216
2024-12-15 00:00:00+00:00,1.05658,1.05944,1.04532,1.05096,741319
2024-12-22 00:00:00+00:00,1.05095,1.05344,1.0343,1.04338,815222
2024-12-29 00:00:00+00:00,1.04339,1.04454,1.03836,1.04296,360541
2025-01-05 00:00:00+00:00,1.04297,1.04584,1.02241,1.03052,514957
2025-01-12 00:00:00+00:00,1.03054,1.0437,1.02128,1.02429,816933
2025-01-19 00:00:00+00:00,1.0243,1.03548,1.01779,1.02807,791201
2025-01-26 00:00:00+00:00,1.02806,1.05215,1.02782,1.04676,891153
2025-02-02 00:00:00+00:00,1.04675,1.05333,1.02347,1.02471,920916
2025-02-09 00:00:00+00:00,1.02468,1.04432,1.02105,1.03096,974925
2025-02-16 00:00:00+00:00,1.03096,1.05144,1.02922,1.04888,734325
2025-02-23 00:00:00+00:00,1.04888,1.05065,1.04009,1.04741,593941
2025-03-02 00:00:00+00:00,1.0474,1.0529,1.036,1.04122,803207
2025-03-09 00:00:00+00:00,1.04122,1.0889,1.03886,1.08602,1197337
2025-03-16 00:00:00+00:00,1.08602,1.09472,1.0805,1.08796,946447
2025-03-23 00:00:00+00:00,1.08797,1.09548,1.07969,1.0836,639417
2025-03-30 00:00:00+00:00,1.08361,1.08583,1.0733,1.08238,628167
2025-04-06 00:00:00+00:00,1.08238,1.11464,1.07783,1.09832,1296507
2025-04-13 00:00:00+00:00,1.09834,1.14739,1.08883,1.13422,2367451
2025-04-20 00:00:00+00:00,1.13423,1.14586,1.1264,1.14491,1299922
2025-04-27 00:00:00+00:00,1.1449,1.15734,1.1308,1.1345,1210809
2025-05-04 00:00:00+00:00,1.13451,1.1425,1.12658,1.13213,915428
2025-05-11 00:00:00+00:00,1.13214,1.13813,1.11925,1.1228,896579
2025-05-18 00:00:00+00:00,1.1228,1.1266,1.10654,1.11889,923785
2025-05-25 00:00:00+00:00,1.1189,1.1382,1.11724,1.1375,911005
2025-06-01 00:00:00+00:00,1.13748,1.14189,1.12105,1.1353,849429
2025-06-08 00:00:00+00:00,1.13532,1.14951,1.13526,1.14068,848523
2025-06-15 00:00:00+00:00,1.14068,1.16319,1.13729,1.15379,861693
2025-06-22 00:00:00+00:00,1.15378,1.16148,1.14463,1.14996,880269
2025-06-29 00:00:00+00:00,1.14997,1.1754,1.14536,1.17268,960045
2025-07-06 00:00:00+00:00,1.17269,1.18299,1.1708,1.17802,784692
2025-07-13 00:00:00+00:00,1.17804,1.17902,1.1662,1.16827,712593
2025-07-20 00:00:00+00:00,1.16826,1.17217,1.15569,1.16298,697924
2025-07-27 00:00:00+00:00,1.16297,1.17888,1.16147,1.17556,655900
2025-08-03 00:00:00+00:00,1.17556,1.17706,1.13916,1.15874,917395
